BRNCTXB	GTEX-1192X-0011-R10a-SM-DO941	../../data/gtex/bigwig/BRNCTXB/gtex.base_sums.BRAIN_GTEX-1192X-0011-R10a-SM-DO941.1.ALL.bw
BRNCTXB	GTEX-11DXY-0011-R10b-SM-DO12C	../../data/gtex/bigwig/BRNCTXB/gtex.base_sums.BRAIN_GTEX-11DXY-0011-R10b-SM-DO12C.1.ALL.bw
BRNCTXB	GTEX-11DYG-0011-R10b-SM-DNZZO	../../data/gtex/bigwig/BRNCTXB/gtex.base_sums.BRAIN_GTEX-11DYG-0011-R10b-SM-DNZZO.1.ALL.bw
BRNCTXB	GTEX-11DZ1-0011-R10b-SM-DO943	../../data/gtex/bigwig/BRNCTXB/gtex.base_sums.BRAIN_GTEX-11DZ1-0011-R10b-SM-DO943.1.ALL.bw
BRNCTXB	GTEX-11EI6-0011-R10a-SM-DO93R	../../data/gtex/bigwig/BRNCTXB/gtex.base_sums.BRAIN_GTEX-11EI6-0011-R10a-SM-DO93R.1.ALL.bw
BRNCTXB	GTEX-11EMC-0011-R10a-SM-DNZZJ	../../data/gtex/bigwig/BRNCTXB/gtex.base_sums.BRAIN_GTEX-11EMC-0011-R10a-SM-DNZZJ.1.ALL.bw
BRNCTXB	GTEX-11GSP-0011-R10a-SM-5NQ7J	../../data/gtex/bigwig/BRNCTXB/gtex.base_sums.BRAIN_GTEX-11GSP-0011-R10a-SM-5NQ7J.1.ALL.bw
BRNCTXB	GTEX-11H98-0011-R10b-SM-5NQ98	../../data/gtex/bigwig/BRNCTXB/gtex.base_sums.BRAIN_GTEX-11H98-0011-R10b-SM-5NQ98.1.ALL.bw
BRNCTXB	GTEX-11PRG-0011-R10b-SM-DO93G	../../data/gtex/bigwig/BRNCTXB/gtex.base_sums.BRAIN_GTEX-11PRG-0011-R10b-SM-DO93G.1.ALL.bw
BRNCTXB	GTEX-11TTK-0011-R10b-SM-DO925	../../data/gtex/bigwig/BRNCTXB/gtex.base_sums.BRAIN_GTEX-11TTK-0011-R10b-SM-DO925.1.ALL.bw
BRNCTXB	GTEX-11TUW-0011-R10a-SM-DO924	../../data/gtex/bigwig/BRNCTXB/gtex.base_sums.BRAIN_GTEX-11TUW-0011-R10a-SM-DO924.1.ALL.bw
BRNCTXB	GTEX-11WQC-0011-R10a-SM-57WCT	../../data/gtex/bigwig/BRNCTXB/gtex.base_sums.BRAIN_GTEX-11WQC-0011-R10a-SM-57WCT.1.ALL.bw
BRNCTXB	GTEX-11WQK-0011-R10a-SM-5BC6R	../../data/gtex/bigwig/BRNCTXB/gtex.base_sums.BRAIN_GTEX-11WQK-0011-R10a-SM-5BC6R.1.ALL.bw
BRNCTXB	GTEX-11ZTS-0011-R10a-SM-DO93S	../../data/gtex/bigwig/BRNCTXB/gtex.base_sums.BRAIN_GTEX-11ZTS-0011-R10a-SM-DO93S.1.ALL.bw
BRNCTXB	GTEX-12126-0011-R10b-SM-5BC6T	../../data/gtex/bigwig/BRNCTXB/gtex.base_sums.BRAIN_GTEX-12126-0011-R10b-SM-5BC6T.1.ALL.bw
BRNCTXB	GTEX-12WSA-0011-R10b-SM-5P9ET	../../data/gtex/bigwig/BRNCTXB/gtex.base_sums.BRAIN_GTEX-12WSA-0011-R10b-SM-5P9ET.1.ALL.bw
BRNCTXB	GTEX-12WSC-0011-R10a-SM-5GU57	../../data/gtex/bigwig/BRNCTXB/gtex.base_sums.BRAIN_GTEX-12WSC-0011-R10a-SM-5GU57.1.ALL.bw
BRNCTXB	GTEX-12WSE-0011-R10b-SM-5P9JV	../../data/gtex/bigwig/BRNCTXB/gtex.base_sums.BRAIN_GTEX-12WSE-0011-R10b-SM-5P9JV.1.ALL.bw
BRNCTXB	GTEX-12WSF-0011-R10a-SM-5LZVH	../../data/gtex/bigwig/BRNCTXB/gtex.base_sums.BRAIN_GTEX-12WSF-0011-R10a-SM-5LZVH.1.ALL.bw
BRNCTXB	GTEX-12WSH-0011-R10a-SM-5LZUS	../../data/gtex/bigwig/BRNCTXB/gtex.base_sums.BRAIN_GTEX-12WSH-0011-R10a-SM-5LZUS.1.ALL.bw
BRNCTXB	GTEX-12WSM-0011-R10a-SM-5DUWV	../../data/gtex/bigwig/BRNCTXB/gtex.base_sums.BRAIN_GTEX-12WSM-0011-R10a-SM-5DUWV.1.ALL.bw
BRNCTXB	GTEX-12ZZW-0011-R10b-SM-5HL9X	../../data/gtex/bigwig/BRNCTXB/gtex.base_sums.BRAIN_GTEX-12ZZW-0011-R10b-SM-5HL9X.1.ALL.bw
BRNCTXB	GTEX-12ZZX-0011-R10b-SM-5DUWK	../../data/gtex/bigwig/BRNCTXB/gtex.base_sums.BRAIN_GTEX-12ZZX-0011-R10b-SM-5DUWK.1.ALL.bw
BRNCTXB	GTEX-12ZZY-0011-R10b-SM-5HL7W	../../data/gtex/bigwig/BRNCTXB/gtex.base_sums.BRAIN_GTEX-12ZZY-0011-R10b-SM-5HL7W.1.ALL.bw
BRNCTXB	GTEX-12ZZZ-0011-R10a-SM-5P9HC	../../data/gtex/bigwig/BRNCTXB/gtex.base_sums.BRAIN_GTEX-12ZZZ-0011-R10a-SM-5P9HC.1.ALL.bw
BRNCTXB	GTEX-1313W-0011-R10b-SM-5DUXA	../../data/gtex/bigwig/BRNCTXB/gtex.base_sums.BRAIN_GTEX-1313W-0011-R10b-SM-5DUXA.1.ALL.bw
BRNCTXB	GTEX-131XH-0011-R10a-SM-5EGLJ	../../data/gtex/bigwig/BRNCTXB/gtex.base_sums.BRAIN_GTEX-131XH-0011-R10a-SM-5EGLJ.1.ALL.bw
BRNCTXB	GTEX-131XW-0011-R10a-SM-5DUVA	../../data/gtex/bigwig/BRNCTXB/gtex.base_sums.BRAIN_GTEX-131XW-0011-R10a-SM-5DUVA.1.ALL.bw
BRNCTXB	GTEX-131YS-0011-R10b-SM-5EQ5N	../../data/gtex/bigwig/BRNCTXB/gtex.base_sums.BRAIN_GTEX-131YS-0011-R10b-SM-5EQ5N.1.ALL.bw
BRNCTXB	GTEX-132Q8-0011-R10b-SM-5DUWZ	../../data/gtex/bigwig/BRNCTXB/gtex.base_sums.BRAIN_GTEX-132Q8-0011-R10b-SM-5DUWZ.1.ALL.bw
BRNCTXB	GTEX-139TS-0011-R10a-SM-5K7TU	../../data/gtex/bigwig/BRNCTXB/gtex.base_sums.BRAIN_GTEX-139TS-0011-R10a-SM-5K7TU.1.ALL.bw
BRNCTXB	GTEX-13CZV-0011-R10b-SM-5LZYD	../../data/gtex/bigwig/BRNCTXB/gtex.base_sums.BRAIN_GTEX-13CZV-0011-R10b-SM-5LZYD.1.ALL.bw
BRNCTXB	GTEX-13FHO-0011-R10b-SM-5J2MM	../../data/gtex/bigwig/BRNCTXB/gtex.base_sums.BRAIN_GTEX-13FHO-0011-R10b-SM-5J2MM.1.ALL.bw
BRNCTXB	GTEX-13FLV-0011-R10b-SM-5LZZ2	../../data/gtex/bigwig/BRNCTXB/gtex.base_sums.BRAIN_GTEX-13FLV-0011-R10b-SM-5LZZ2.1.ALL.bw
BRNCTXB	GTEX-13FLW-0011-R10b-SM-5LZZF	../../data/gtex/bigwig/BRNCTXB/gtex.base_sums.BRAIN_GTEX-13FLW-0011-R10b-SM-5LZZF.1.ALL.bw
BRNCTXB	GTEX-13FTZ-0011-R10b-SM-5KLZS	../../data/gtex/bigwig/BRNCTXB/gtex.base_sums.BRAIN_GTEX-13FTZ-0011-R10b-SM-5KLZS.1.ALL.bw
BRNCTXB	GTEX-13FXS-0011-R10a-SM-5J2MA	../../data/gtex/bigwig/BRNCTXB/gtex.base_sums.BRAIN_GTEX-13FXS-0011-R10a-SM-5J2MA.1.ALL.bw
BRNCTXB	GTEX-13G51-0011-R10b-SM-5LZYF	../../data/gtex/bigwig/BRNCTXB/gtex.base_sums.BRAIN_GTEX-13G51-0011-R10b-SM-5LZYF.1.ALL.bw
BRNCTXB	GTEX-13IVO-0011-R10a-SM-5LZY3	../../data/gtex/bigwig/BRNCTXB/gtex.base_sums.BRAIN_GTEX-13IVO-0011-R10a-SM-5LZY3.1.ALL.bw
BRNCTXB	GTEX-13JUV-0011-R10b-SM-5LZXR	../../data/gtex/bigwig/BRNCTXB/gtex.base_sums.BRAIN_GTEX-13JUV-0011-R10b-SM-5LZXR.1.ALL.bw
BRNCTXB	GTEX-13JVG-0011-R10b-SM-5KM2P	../../data/gtex/bigwig/BRNCTXB/gtex.base_sums.BRAIN_GTEX-13JVG-0011-R10b-SM-5KM2P.1.ALL.bw
BRNCTXB	GTEX-13N1W-0011-R10b-SM-5MR4H	../../data/gtex/bigwig/BRNCTXB/gtex.base_sums.BRAIN_GTEX-13N1W-0011-R10b-SM-5MR4H.1.ALL.bw
BRNCTXB	GTEX-13N2G-0011-R10a-SM-5MR34	../../data/gtex/bigwig/BRNCTXB/gtex.base_sums.BRAIN_GTEX-13N2G-0011-R10a-SM-5MR34.1.ALL.bw
BRNCTXB	GTEX-13NYB-0011-R10a-SM-5KM43	../../data/gtex/bigwig/BRNCTXB/gtex.base_sums.BRAIN_GTEX-13NYB-0011-R10a-SM-5KM43.1.ALL.bw
BRNCTXB	GTEX-13NYS-0011-R10a-SM-5MR4S	../../data/gtex/bigwig/BRNCTXB/gtex.base_sums.BRAIN_GTEX-13NYS-0011-R10a-SM-5MR4S.1.ALL.bw
BRNCTXB	GTEX-13NZA-0011-R10b-SM-5KM54	../../data/gtex/bigwig/BRNCTXB/gtex.base_sums.BRAIN_GTEX-13NZA-0011-R10b-SM-5KM54.1.ALL.bw
BRNCTXB	GTEX-13O3O-0011-R10a-SM-5LUA9	../../data/gtex/bigwig/BRNCTXB/gtex.base_sums.BRAIN_GTEX-13O3O-0011-R10a-SM-5LUA9.1.ALL.bw
BRNCTXB	GTEX-13O3Q-0011-R10b-SM-5KM39	../../data/gtex/bigwig/BRNCTXB/gtex.base_sums.BRAIN_GTEX-13O3Q-0011-R10b-SM-5KM39.1.ALL.bw
BRNCTXB	GTEX-13OVJ-0011-R10b-SM-5L3HT	../../data/gtex/bigwig/BRNCTXB/gtex.base_sums.BRAIN_GTEX-13OVJ-0011-R10b-SM-5L3HT.1.ALL.bw
BRNCTXB	GTEX-13OVL-0011-R10a-SM-5L3GS	../../data/gtex/bigwig/BRNCTXB/gtex.base_sums.BRAIN_GTEX-13OVL-0011-R10a-SM-5L3GS.1.ALL.bw
BRNCTXB	GTEX-13OW6-0011-R10a-SM-5L3HE	../../data/gtex/bigwig/BRNCTXB/gtex.base_sums.BRAIN_GTEX-13OW6-0011-R10a-SM-5L3HE.1.ALL.bw
BRNCTXB	GTEX-13OW7-0011-R10a-SM-5L3H3	../../data/gtex/bigwig/BRNCTXB/gtex.base_sums.BRAIN_GTEX-13OW7-0011-R10a-SM-5L3H3.1.ALL.bw
BRNCTXB	GTEX-13OW8-0011-R10a-SM-5L3H6	../../data/gtex/bigwig/BRNCTXB/gtex.base_sums.BRAIN_GTEX-13OW8-0011-R10a-SM-5L3H6.1.ALL.bw
BRNCTXB	GTEX-13QIC-0011-R10a-SM-5O9C7	../../data/gtex/bigwig/BRNCTXB/gtex.base_sums.BRAIN_GTEX-13QIC-0011-R10a-SM-5O9C7.1.ALL.bw
BRNCTXB	GTEX-13QJC-0011-R10a-SM-5SI63	../../data/gtex/bigwig/BRNCTXB/gtex.base_sums.BRAIN_GTEX-13QJC-0011-R10a-SM-5SI63.1.ALL.bw
BRNCTXB	GTEX-13RTJ-0011-R10b-SM-5O9CW	../../data/gtex/bigwig/BRNCTXB/gtex.base_sums.BRAIN_GTEX-13RTJ-0011-R10b-SM-5O9CW.1.ALL.bw
BRNCTXB	GTEX-13S7M-0011-R10b-SM-5PNZB	../../data/gtex/bigwig/BRNCTXB/gtex.base_sums.BRAIN_GTEX-13S7M-0011-R10b-SM-5PNZB.1.ALL.bw
BRNCTXB	GTEX-13SLW-0011-R10a-SM-5S2UI	../../data/gtex/bigwig/BRNCTXB/gtex.base_sums.BRAIN_GTEX-13SLW-0011-R10a-SM-5S2UI.1.ALL.bw
BRNCTXB	GTEX-13SLX-0011-R10a-SM-5P9HV	../../data/gtex/bigwig/BRNCTXB/gtex.base_sums.BRAIN_GTEX-13SLX-0011-R10a-SM-5P9HV.1.ALL.bw
BRNCTXB	GTEX-13X6I-0011-R10a-SM-5PNWI	../../data/gtex/bigwig/BRNCTXB/gtex.base_sums.BRAIN_GTEX-13X6I-0011-R10a-SM-5PNWI.1.ALL.bw
BRNCTXB	GTEX-13X6J-0011-R10b-SM-5PNWA	../../data/gtex/bigwig/BRNCTXB/gtex.base_sums.BRAIN_GTEX-13X6J-0011-R10b-SM-5PNWA.1.ALL.bw
BRNCTXB	GTEX-13X6K-0011-R10a-SM-5P9JR	../../data/gtex/bigwig/BRNCTXB/gtex.base_sums.BRAIN_GTEX-13X6K-0011-R10a-SM-5P9JR.1.ALL.bw
BRNCTXB	GTEX-1445S-0011-R10a-SM-5PNWB	../../data/gtex/bigwig/BRNCTXB/gtex.base_sums.BRAIN_GTEX-1445S-0011-R10a-SM-5PNWB.1.ALL.bw
BRNCTXB	GTEX-145LS-0011-R10a-SM-5PNUQ	../../data/gtex/bigwig/BRNCTXB/gtex.base_sums.BRAIN_GTEX-145LS-0011-R10a-SM-5PNUQ.1.ALL.bw
BRNCTXB	GTEX-145LU-0011-R10a-SM-5PNWJ	../../data/gtex/bigwig/BRNCTXB/gtex.base_sums.BRAIN_GTEX-145LU-0011-R10a-SM-5PNWJ.1.ALL.bw
BRNCTXB	GTEX-145MG-0011-R10a-SM-5PNWG	../../data/gtex/bigwig/BRNCTXB/gtex.base_sums.BRAIN_GTEX-145MG-0011-R10a-SM-5PNWG.1.ALL.bw
BRNCTXB	GTEX-145MH-0011-R10b-SM-5PNUK	../../data/gtex/bigwig/BRNCTXB/gtex.base_sums.BRAIN_GTEX-145MH-0011-R10b-SM-5PNUK.1.ALL.bw
BRNCTXB	GTEX-145MI-0011-R10a-SM-5PNZD	../../data/gtex/bigwig/BRNCTXB/gtex.base_sums.BRAIN_GTEX-145MI-0011-R10a-SM-5PNZD.1.ALL.bw
BRNCTXB	GTEX-14753-0011-R10b-SM-5S2WE	../../data/gtex/bigwig/BRNCTXB/gtex.base_sums.BRAIN_GTEX-14753-0011-R10b-SM-5S2WE.1.ALL.bw
BRNCTXB	GTEX-1477Z-0011-R10b-SM-5S2RF	../../data/gtex/bigwig/BRNCTXB/gtex.base_sums.BRAIN_GTEX-1477Z-0011-R10b-SM-5S2RF.1.ALL.bw
BRNCTXB	GTEX-147F4-0011-R10b-SM-5S2WC	../../data/gtex/bigwig/BRNCTXB/gtex.base_sums.BRAIN_GTEX-147F4-0011-R10b-SM-5S2WC.1.ALL.bw
BRNCTXB	GTEX-147GR-0011-R10b-SM-5S2UM	../../data/gtex/bigwig/BRNCTXB/gtex.base_sums.BRAIN_GTEX-147GR-0011-R10b-SM-5S2UM.1.ALL.bw
BRNCTXB	GTEX-14ASI-0011-R10b-SM-5S2VZ	../../data/gtex/bigwig/BRNCTXB/gtex.base_sums.BRAIN_GTEX-14ASI-0011-R10b-SM-5S2VZ.1.ALL.bw
BRNCTXB	GTEX-14BIL-0011-R10a-SM-5SI75	../../data/gtex/bigwig/BRNCTXB/gtex.base_sums.BRAIN_GTEX-14BIL-0011-R10a-SM-5SI75.1.ALL.bw
BRNCTXB	GTEX-14BIN-0011-R10a-SM-5S2UA	../../data/gtex/bigwig/BRNCTXB/gtex.base_sums.BRAIN_GTEX-14BIN-0011-R10a-SM-5S2UA.1.ALL.bw
BRNCTXB	GTEX-14C5O-0011-R10a-SM-6872F	../../data/gtex/bigwig/BRNCTXB/gtex.base_sums.BRAIN_GTEX-14C5O-0011-R10a-SM-6872F.1.ALL.bw
BRNCTXB	GTEX-14E6D-0011-R10a-SM-5YY9C	../../data/gtex/bigwig/BRNCTXB/gtex.base_sums.BRAIN_GTEX-14E6D-0011-R10a-SM-5YY9C.1.ALL.bw
BRNCTXB	GTEX-14E7W-0011-R10a-SM-5YYAX	../../data/gtex/bigwig/BRNCTXB/gtex.base_sums.BRAIN_GTEX-14E7W-0011-R10a-SM-5YYAX.1.ALL.bw
BRNCTXB	GTEX-14JIY-0011-R10a-SM-6AJAO	../../data/gtex/bigwig/BRNCTXB/gtex.base_sums.BRAIN_GTEX-14JIY-0011-R10a-SM-6AJAO.1.ALL.bw
BRNCTXB	GTEX-14LZ3-0011-R10b-SM-6AJA9	../../data/gtex/bigwig/BRNCTXB/gtex.base_sums.BRAIN_GTEX-14LZ3-0011-R10b-SM-6AJA9.1.ALL.bw
BRNCTXB	GTEX-14PJM-0011-R10a-SM-686ZP	../../data/gtex/bigwig/BRNCTXB/gtex.base_sums.BRAIN_GTEX-14PJM-0011-R10a-SM-686ZP.1.ALL.bw
BRNCTXB	GTEX-14PJO-0011-R10a-SM-686ZS	../../data/gtex/bigwig/BRNCTXB/gtex.base_sums.BRAIN_GTEX-14PJO-0011-R10a-SM-686ZS.1.ALL.bw
BRNCTXB	GTEX-14PN4-0011-R10b-SM-69LP2	../../data/gtex/bigwig/BRNCTXB/gtex.base_sums.BRAIN_GTEX-14PN4-0011-R10b-SM-69LP2.1.ALL.bw
BRNCTXB	GTEX-14PQA-0011-R10a-SM-6AJAA	../../data/gtex/bigwig/BRNCTXB/gtex.base_sums.BRAIN_GTEX-14PQA-0011-R10a-SM-6AJAA.1.ALL.bw
BRNCTXB	GTEX-15CHQ-0011-R10b-SM-6AJBV	../../data/gtex/bigwig/BRNCTXB/gtex.base_sums.BRAIN_GTEX-15CHQ-0011-R10b-SM-6AJBV.1.ALL.bw
BRNCTXB	GTEX-15DCD-0011-R10b-SM-6LPII	../../data/gtex/bigwig/BRNCTXB/gtex.base_sums.BRAIN_GTEX-15DCD-0011-R10b-SM-6LPII.1.ALL.bw
BRNCTXB	GTEX-15DDE-0011-R10a-SM-7KUKW	../../data/gtex/bigwig/BRNCTXB/gtex.base_sums.BRAIN_GTEX-15DDE-0011-R10a-SM-7KUKW.1.ALL.bw
BRNCTXB	GTEX-15G19-0011-R10b-SM-7KUG4	../../data/gtex/bigwig/BRNCTXB/gtex.base_sums.BRAIN_GTEX-15G19-0011-R10b-SM-7KUG4.1.ALL.bw
BRNCTXB	GTEX-15UF6-0011-R10b-SM-9OSVF	../../data/gtex/bigwig/BRNCTXB/gtex.base_sums.BRAIN_GTEX-15UF6-0011-R10b-SM-9OSVF.1.ALL.bw
BRNCTXB	GTEX-16GPK-0011-R10b-SM-7MKFG	../../data/gtex/bigwig/BRNCTXB/gtex.base_sums.BRAIN_GTEX-16GPK-0011-R10b-SM-7MKFG.1.ALL.bw
BRNCTXB	GTEX-16NPV-0011-R10a-SM-79OKA	../../data/gtex/bigwig/BRNCTXB/gtex.base_sums.BRAIN_GTEX-16NPV-0011-R10a-SM-79OKA.1.ALL.bw
BRNCTXB	GTEX-16XZZ-0011-R10b-SM-7LT91	../../data/gtex/bigwig/BRNCTXB/gtex.base_sums.BRAIN_GTEX-16XZZ-0011-R10b-SM-7LT91.1.ALL.bw
BRNCTXB	GTEX-16YQH-0011-R10b-SM-7LT8U	../../data/gtex/bigwig/BRNCTXB/gtex.base_sums.BRAIN_GTEX-16YQH-0011-R10b-SM-7LT8U.1.ALL.bw
BRNCTXB	GTEX-16Z82-0011-R10a-SM-79OJX	../../data/gtex/bigwig/BRNCTXB/gtex.base_sums.BRAIN_GTEX-16Z82-0011-R10a-SM-79OJX.1.ALL.bw
BRNCTXB	GTEX-17EVP-0011-R10a-SM-7IGLP	../../data/gtex/bigwig/BRNCTXB/gtex.base_sums.BRAIN_GTEX-17EVP-0011-R10a-SM-7IGLP.1.ALL.bw
BRNCTXB	GTEX-17F97-0011-R10b-SM-793BB	../../data/gtex/bigwig/BRNCTXB/gtex.base_sums.BRAIN_GTEX-17F97-0011-R10b-SM-793BB.1.ALL.bw
BRNCTXB	GTEX-17HG3-0011-R10b-SM-7LT97	../../data/gtex/bigwig/BRNCTXB/gtex.base_sums.BRAIN_GTEX-17HG3-0011-R10b-SM-7LT97.1.ALL.bw
BRNCTXB	GTEX-17HII-0011-R10a-SM-79OMY	../../data/gtex/bigwig/BRNCTXB/gtex.base_sums.BRAIN_GTEX-17HII-0011-R10a-SM-79OMY.1.ALL.bw
BRNCTXB	GTEX-17JCI-0011-R10b-SM-718A2	../../data/gtex/bigwig/BRNCTXB/gtex.base_sums.BRAIN_GTEX-17JCI-0011-R10b-SM-718A2.1.ALL.bw
BRNCTXB	GTEX-18464-0011-R10a-SM-72D6X	../../data/gtex/bigwig/BRNCTXB/gtex.base_sums.BRAIN_GTEX-18464-0011-R10a-SM-72D6X.1.ALL.bw
BRNCTXB	GTEX-18A6Q-0011-R10b-SM-72D7A	../../data/gtex/bigwig/BRNCTXB/gtex.base_sums.BRAIN_GTEX-18A6Q-0011-R10b-SM-72D7A.1.ALL.bw
BRNCTXB	GTEX-1A3MX-0011-R10b-SM-7P8PG	../../data/gtex/bigwig/BRNCTXB/gtex.base_sums.BRAIN_GTEX-1A3MX-0011-R10b-SM-7P8PG.1.ALL.bw
BRNCTXB	GTEX-1A8G6-0011-R10b-SM-7P8PB	../../data/gtex/bigwig/BRNCTXB/gtex.base_sums.BRAIN_GTEX-1A8G6-0011-R10b-SM-7P8PB.1.ALL.bw
BRNCTXB	GTEX-1B8L1-0011-R10b-SM-7P8Q4	../../data/gtex/bigwig/BRNCTXB/gtex.base_sums.BRAIN_GTEX-1B8L1-0011-R10b-SM-7P8Q4.1.ALL.bw
BRNCTXB	GTEX-1B8SF-0011-R10b-SM-7P8SW	../../data/gtex/bigwig/BRNCTXB/gtex.base_sums.BRAIN_GTEX-1B8SF-0011-R10b-SM-7P8SW.1.ALL.bw
BRNCTXB	GTEX-1B933-0011-R10b-SM-9OSVN	../../data/gtex/bigwig/BRNCTXB/gtex.base_sums.BRAIN_GTEX-1B933-0011-R10b-SM-9OSVN.1.ALL.bw
BRNCTXB	GTEX-1B996-0011-R10b-SM-CJI3T	../../data/gtex/bigwig/BRNCTXB/gtex.base_sums.BRAIN_GTEX-1B996-0011-R10b-SM-CJI3T.1.ALL.bw
BRNCTXB	GTEX-1BAJH-0011-R10a-SM-7MXT9	../../data/gtex/bigwig/BRNCTXB/gtex.base_sums.BRAIN_GTEX-1BAJH-0011-R10a-SM-7MXT9.1.ALL.bw
BRNCTXB	GTEX-1C6VQ-0011-R10b-SM-7P8Q1	../../data/gtex/bigwig/BRNCTXB/gtex.base_sums.BRAIN_GTEX-1C6VQ-0011-R10b-SM-7P8Q1.1.ALL.bw
BRNCTXB	GTEX-1C6VR-0011-R10b-SM-7P8QA	../../data/gtex/bigwig/BRNCTXB/gtex.base_sums.BRAIN_GTEX-1C6VR-0011-R10b-SM-7P8QA.1.ALL.bw
BRNCTXB	GTEX-1CB4G-0011-R10a-SM-9QEHS	../../data/gtex/bigwig/BRNCTXB/gtex.base_sums.BRAIN_GTEX-1CB4G-0011-R10a-SM-9QEHS.1.ALL.bw
BRNCTXB	GTEX-1CB4H-0011-R10b-SM-9QEH3	../../data/gtex/bigwig/BRNCTXB/gtex.base_sums.BRAIN_GTEX-1CB4H-0011-R10b-SM-9QEH3.1.ALL.bw
BRNCTXB	GTEX-1CB4J-0011-R10a-SM-9WG63	../../data/gtex/bigwig/BRNCTXB/gtex.base_sums.BRAIN_GTEX-1CB4J-0011-R10a-SM-9WG63.1.ALL.bw
BRNCTXB	GTEX-1E1VI-0011-R10b-SM-ARU8F	../../data/gtex/bigwig/BRNCTXB/gtex.base_sums.BRAIN_GTEX-1E1VI-0011-R10b-SM-ARU8F.1.ALL.bw
BRNCTXB	GTEX-1EH9U-0011-R10a-SM-CJI2A	../../data/gtex/bigwig/BRNCTXB/gtex.base_sums.BRAIN_GTEX-1EH9U-0011-R10a-SM-CJI2A.1.ALL.bw
BRNCTXB	GTEX-1EMGI-0011-R10a-SM-9OSWY	../../data/gtex/bigwig/BRNCTXB/gtex.base_sums.BRAIN_GTEX-1EMGI-0011-R10a-SM-9OSWY.1.ALL.bw
BRNCTXB	GTEX-1EX96-0011-R10b-SM-CE6QR	../../data/gtex/bigwig/BRNCTXB/gtex.base_sums.BRAIN_GTEX-1EX96-0011-R10b-SM-CE6QR.1.ALL.bw
BRNCTXB	GTEX-1F48J-0011-R10a-SM-9QEIB	../../data/gtex/bigwig/BRNCTXB/gtex.base_sums.BRAIN_GTEX-1F48J-0011-R10a-SM-9QEIB.1.ALL.bw
BRNCTXB	GTEX-1F6I4-0011-R10b-SM-9OSWT	../../data/gtex/bigwig/BRNCTXB/gtex.base_sums.BRAIN_GTEX-1F6I4-0011-R10b-SM-9OSWT.1.ALL.bw
BRNCTXB	GTEX-1F6IF-0011-R10a-SM-9QEIN	../../data/gtex/bigwig/BRNCTXB/gtex.base_sums.BRAIN_GTEX-1F6IF-0011-R10a-SM-9QEIN.1.ALL.bw
BRNCTXB	GTEX-1F75W-0011-R10b-SM-ARU7Z	../../data/gtex/bigwig/BRNCTXB/gtex.base_sums.BRAIN_GTEX-1F75W-0011-R10b-SM-ARU7Z.1.ALL.bw
BRNCTXB	GTEX-1F7RK-0011-R10b-SM-ARU7Y	../../data/gtex/bigwig/BRNCTXB/gtex.base_sums.BRAIN_GTEX-1F7RK-0011-R10b-SM-ARU7Y.1.ALL.bw
BRNCTXB	GTEX-1GF9V-0011-R10b-SM-CKZNP	../../data/gtex/bigwig/BRNCTXB/gtex.base_sums.BRAIN_GTEX-1GF9V-0011-R10b-SM-CKZNP.1.ALL.bw
BRNCTXB	GTEX-1GF9W-0011-R10a-SM-9OSXH	../../data/gtex/bigwig/BRNCTXB/gtex.base_sums.BRAIN_GTEX-1GF9W-0011-R10a-SM-9OSXH.1.ALL.bw
BRNCTXB	GTEX-1GMR8-0011-R10a-SM-CJI21	../../data/gtex/bigwig/BRNCTXB/gtex.base_sums.BRAIN_GTEX-1GMR8-0011-R10a-SM-CJI21.1.ALL.bw
BRNCTXB	GTEX-1GMRU-0011-R10b-SM-CJI2L	../../data/gtex/bigwig/BRNCTXB/gtex.base_sums.BRAIN_GTEX-1GMRU-0011-R10b-SM-CJI2L.1.ALL.bw
BRNCTXB	GTEX-1GN1U-0011-R10b-SM-CKZNH	../../data/gtex/bigwig/BRNCTXB/gtex.base_sums.BRAIN_GTEX-1GN1U-0011-R10b-SM-CKZNH.1.ALL.bw
BRNCTXB	GTEX-1GN1V-0011-R10a-SM-CKZNU	../../data/gtex/bigwig/BRNCTXB/gtex.base_sums.BRAIN_GTEX-1GN1V-0011-R10a-SM-CKZNU.1.ALL.bw
BRNCTXB	GTEX-1GN2E-0011-R10a-SM-CE6RI	../../data/gtex/bigwig/BRNCTXB/gtex.base_sums.BRAIN_GTEX-1GN2E-0011-R10a-SM-CE6RI.1.ALL.bw
BRNCTXB	GTEX-1GN73-0011-R10b-SM-CKZNR	../../data/gtex/bigwig/BRNCTXB/gtex.base_sums.BRAIN_GTEX-1GN73-0011-R10b-SM-CKZNR.1.ALL.bw
BRNCTXB	GTEX-1GTWX-0011-R10b-SM-CJI2X	../../data/gtex/bigwig/BRNCTXB/gtex.base_sums.BRAIN_GTEX-1GTWX-0011-R10b-SM-CJI2X.1.ALL.bw
BRNCTXB	GTEX-1GZ2Q-0011-R10b-SM-CE6RN	../../data/gtex/bigwig/BRNCTXB/gtex.base_sums.BRAIN_GTEX-1GZ2Q-0011-R10b-SM-CE6RN.1.ALL.bw
BRNCTXB	GTEX-1GZ4I-0011-R10a-SM-9OSX3	../../data/gtex/bigwig/BRNCTXB/gtex.base_sums.BRAIN_GTEX-1GZ4I-0011-R10a-SM-9OSX3.1.ALL.bw
BRNCTXB	GTEX-1H1CY-0011-R10a-SM-CE6SD	../../data/gtex/bigwig/BRNCTXB/gtex.base_sums.BRAIN_GTEX-1H1CY-0011-R10a-SM-CE6SD.1.ALL.bw
BRNCTXB	GTEX-1H1DG-0011-R10b-SM-CE6S7	../../data/gtex/bigwig/BRNCTXB/gtex.base_sums.BRAIN_GTEX-1H1DG-0011-R10b-SM-CE6S7.1.ALL.bw
BRNCTXB	GTEX-1H1ZS-0011-R10b-SM-A9SK9	../../data/gtex/bigwig/BRNCTXB/gtex.base_sums.BRAIN_GTEX-1H1ZS-0011-R10b-SM-A9SK9.1.ALL.bw
BRNCTXB	GTEX-1H23P-0011-R10a-SM-A96RS	../../data/gtex/bigwig/BRNCTXB/gtex.base_sums.BRAIN_GTEX-1H23P-0011-R10a-SM-A96RS.1.ALL.bw
BRNCTXB	GTEX-1H3O1-0011-R10a-SM-CJI3O	../../data/gtex/bigwig/BRNCTXB/gtex.base_sums.BRAIN_GTEX-1H3O1-0011-R10a-SM-CJI3O.1.ALL.bw
BRNCTXB	GTEX-1H3VE-0011-R10b-SM-A9SKC	../../data/gtex/bigwig/BRNCTXB/gtex.base_sums.BRAIN_GTEX-1H3VE-0011-R10b-SM-A9SKC.1.ALL.bw
BRNCTXB	GTEX-1H4P4-0011-R10b-SM-CE6SG	../../data/gtex/bigwig/BRNCTXB/gtex.base_sums.BRAIN_GTEX-1H4P4-0011-R10b-SM-CE6SG.1.ALL.bw
BRNCTXB	GTEX-1HB9E-0011-R10a-SM-CJI3H	../../data/gtex/bigwig/BRNCTXB/gtex.base_sums.BRAIN_GTEX-1HB9E-0011-R10a-SM-CJI3H.1.ALL.bw
BRNCTXB	GTEX-1HBPH-0011-R10a-SM-CE6SI	../../data/gtex/bigwig/BRNCTXB/gtex.base_sums.BRAIN_GTEX-1HBPH-0011-R10a-SM-CE6SI.1.ALL.bw
BRNCTXB	GTEX-1HBPI-0011-R10a-SM-A96RZ	../../data/gtex/bigwig/BRNCTXB/gtex.base_sums.BRAIN_GTEX-1HBPI-0011-R10a-SM-A96RZ.1.ALL.bw
BRNCTXB	GTEX-1HBPM-0011-R10a-SM-CJI3Q	../../data/gtex/bigwig/BRNCTXB/gtex.base_sums.BRAIN_GTEX-1HBPM-0011-R10a-SM-CJI3Q.1.ALL.bw
BRNCTXB	GTEX-1HCU6-0011-R10a-SM-CKZP8	../../data/gtex/bigwig/BRNCTXB/gtex.base_sums.BRAIN_GTEX-1HCU6-0011-R10a-SM-CKZP8.1.ALL.bw
BRNCTXB	GTEX-1HCVE-0011-R10a-SM-ARZLT	../../data/gtex/bigwig/BRNCTXB/gtex.base_sums.BRAIN_GTEX-1HCVE-0011-R10a-SM-ARZLT.1.ALL.bw
BRNCTXB	GTEX-1HFI6-0011-R10b-SM-ARZLO	../../data/gtex/bigwig/BRNCTXB/gtex.base_sums.BRAIN_GTEX-1HFI6-0011-R10b-SM-ARZLO.1.ALL.bw
BRNCTXB	GTEX-1HGF4-0011-R10b-SM-CE6S5	../../data/gtex/bigwig/BRNCTXB/gtex.base_sums.BRAIN_GTEX-1HGF4-0011-R10b-SM-CE6S5.1.ALL.bw
BRNCTXB	GTEX-1HR9M-0011-R10a-SM-CM2SU	../../data/gtex/bigwig/BRNCTXB/gtex.base_sums.BRAIN_GTEX-1HR9M-0011-R10a-SM-CM2SU.1.ALL.bw
BRNCTXB	GTEX-1HSKV-0011-R10b-SM-CMKH6	../../data/gtex/bigwig/BRNCTXB/gtex.base_sums.BRAIN_GTEX-1HSKV-0011-R10b-SM-CMKH6.1.ALL.bw
BRNCTXB	GTEX-1HSMO-0011-R10a-SM-CL54Y	../../data/gtex/bigwig/BRNCTXB/gtex.base_sums.BRAIN_GTEX-1HSMO-0011-R10a-SM-CL54Y.1.ALL.bw
BRNCTXB	GTEX-1I1CD-0011-R10b-SM-CJI3W	../../data/gtex/bigwig/BRNCTXB/gtex.base_sums.BRAIN_GTEX-1I1CD-0011-R10b-SM-CJI3W.1.ALL.bw
BRNCTXB	GTEX-1I1GV-0011-R10a-SM-CE6S6	../../data/gtex/bigwig/BRNCTXB/gtex.base_sums.BRAIN_GTEX-1I1GV-0011-R10a-SM-CE6S6.1.ALL.bw
BRNCTXB	GTEX-1I1HK-0011-R10b-SM-CJI3M	../../data/gtex/bigwig/BRNCTXB/gtex.base_sums.BRAIN_GTEX-1I1HK-0011-R10b-SM-CJI3M.1.ALL.bw
BRNCTXB	GTEX-1ICLZ-0011-R10a-SM-A9SM2	../../data/gtex/bigwig/BRNCTXB/gtex.base_sums.BRAIN_GTEX-1ICLZ-0011-R10a-SM-A9SM2.1.ALL.bw
BRNCTXB	GTEX-1IDJH-0011-R10a-SM-ARZLK	../../data/gtex/bigwig/BRNCTXB/gtex.base_sums.BRAIN_GTEX-1IDJH-0011-R10a-SM-ARZLK.1.ALL.bw
BRNCTXB	GTEX-1IKK5-0011-R10b-SM-CE6SP	../../data/gtex/bigwig/BRNCTXB/gtex.base_sums.BRAIN_GTEX-1IKK5-0011-R10b-SM-CE6SP.1.ALL.bw
BRNCTXB	GTEX-1IL2V-0011-R10a-SM-CL55A	../../data/gtex/bigwig/BRNCTXB/gtex.base_sums.BRAIN_GTEX-1IL2V-0011-R10a-SM-CL55A.1.ALL.bw
BRNCTXB	GTEX-1IOXB-0011-R10a-SM-D3L8I	../../data/gtex/bigwig/BRNCTXB/gtex.base_sums.BRAIN_GTEX-1IOXB-0011-R10a-SM-D3L8I.1.ALL.bw
BRNCTXB	GTEX-1J1OQ-0011-R10a-SM-A9G1Y	../../data/gtex/bigwig/BRNCTXB/gtex.base_sums.BRAIN_GTEX-1J1OQ-0011-R10a-SM-A9G1Y.1.ALL.bw
BRNCTXB	GTEX-1J8Q2-0011-R10b-SM-D4P2C	../../data/gtex/bigwig/BRNCTXB/gtex.base_sums.BRAIN_GTEX-1J8Q2-0011-R10b-SM-D4P2C.1.ALL.bw
BRNCTXB	GTEX-1LC47-0011-R10b-SM-EYYWE	../../data/gtex/bigwig/BRNCTXB/gtex.base_sums.BRAIN_GTEX-1LC47-0011-R10b-SM-EYYWE.1.ALL.bw
BRNCTXB	GTEX-N7MS-0011-R10A-SM-2HMJK	../../data/gtex/bigwig/BRNCTXB/gtex.base_sums.BRAIN_GTEX-N7MS-0011-R10A-SM-2HMJK.1.ALL.bw
BRNCTXB	GTEX-N7MT-0011-R10A-SM-2I3E1	../../data/gtex/bigwig/BRNCTXB/gtex.base_sums.BRAIN_GTEX-N7MT-0011-R10A-SM-2I3E1.1.ALL.bw
BRNCTXB	GTEX-NL3H-0011-R10A-SM-2I3E9	../../data/gtex/bigwig/BRNCTXB/gtex.base_sums.BRAIN_GTEX-NL3H-0011-R10A-SM-2I3E9.1.ALL.bw
BRNCTXB	GTEX-NL4W-0011-R10A-SM-2I3DY	../../data/gtex/bigwig/BRNCTXB/gtex.base_sums.BRAIN_GTEX-NL4W-0011-R10A-SM-2I3DY.1.ALL.bw
BRNCTXB	GTEX-NPJ7-0011-R10A-SM-2I3E5	../../data/gtex/bigwig/BRNCTXB/gtex.base_sums.BRAIN_GTEX-NPJ7-0011-R10A-SM-2I3E5.1.ALL.bw
BRNCTXB	GTEX-NPJ8-0011-R10A-SM-2YUMO	../../data/gtex/bigwig/BRNCTXB/gtex.base_sums.BRAIN_GTEX-NPJ8-0011-R10A-SM-2YUMO.1.ALL.bw
BRNCTXB	GTEX-OHPN-0011-R10A-SM-33HBU	../../data/gtex/bigwig/BRNCTXB/gtex.base_sums.BRAIN_GTEX-OHPN-0011-R10A-SM-33HBU.1.ALL.bw
BRNCTXB	GTEX-OXRN-0011-R10A-SM-2I5GC	../../data/gtex/bigwig/BRNCTXB/gtex.base_sums.BRAIN_GTEX-OXRN-0011-R10A-SM-2I5GC.1.ALL.bw
BRNCTXB	GTEX-OXRO-0011-R10A-SM-2I5EH	../../data/gtex/bigwig/BRNCTXB/gtex.base_sums.BRAIN_GTEX-OXRO-0011-R10A-SM-2I5EH.1.ALL.bw
BRNCTXB	GTEX-P44G-0011-R10A-SM-2I3FF	../../data/gtex/bigwig/BRNCTXB/gtex.base_sums.BRAIN_GTEX-P44G-0011-R10A-SM-2I3FF.1.ALL.bw
BRNCTXB	GTEX-P44H-0011-R10A-SM-2XCEK	../../data/gtex/bigwig/BRNCTXB/gtex.base_sums.BRAIN_GTEX-P44H-0011-R10A-SM-2XCEK.1.ALL.bw
BRNCTXB	GTEX-PVOW-0011-R10A-SM-EXOHB	../../data/gtex/bigwig/BRNCTXB/gtex.base_sums.BRAIN_GTEX-PVOW-0011-R10A-SM-EXOHB.1.ALL.bw
BRNCTXB	GTEX-Q2AG-0011-R10A-SM-2HMLA	../../data/gtex/bigwig/BRNCTXB/gtex.base_sums.BRAIN_GTEX-Q2AG-0011-R10A-SM-2HMLA.1.ALL.bw
BRNCTXB	GTEX-QDT8-0011-R10A-SM-32PKG	../../data/gtex/bigwig/BRNCTXB/gtex.base_sums.BRAIN_GTEX-QDT8-0011-R10A-SM-32PKG.1.ALL.bw
BRNCTXB	GTEX-QMR6-0011-R10A-SM-32PKO	../../data/gtex/bigwig/BRNCTXB/gtex.base_sums.BRAIN_GTEX-QMR6-0011-R10A-SM-32PKO.1.ALL.bw
BRNCTXB	GTEX-QVJO-0011-R10A-SM-2S1QJ	../../data/gtex/bigwig/BRNCTXB/gtex.base_sums.BRAIN_GTEX-QVJO-0011-R10A-SM-2S1QJ.1.ALL.bw
BRNCTXB	GTEX-QVUS-0011-R10A-SM-3GIK3	../../data/gtex/bigwig/BRNCTXB/gtex.base_sums.BRAIN_GTEX-QVUS-0011-R10A-SM-3GIK3.1.ALL.bw
BRNCTXB	GTEX-S7SE-0011-R10A-SM-2XCDF	../../data/gtex/bigwig/BRNCTXB/gtex.base_sums.BRAIN_GTEX-S7SE-0011-R10A-SM-2XCDF.1.ALL.bw
BRNCTXB	GTEX-T5JC-0011-R10A-SM-32PM2	../../data/gtex/bigwig/BRNCTXB/gtex.base_sums.BRAIN_GTEX-T5JC-0011-R10A-SM-32PM2.1.ALL.bw
BRNCTXB	GTEX-T6MN-0011-R10A-SM-32QP7	../../data/gtex/bigwig/BRNCTXB/gtex.base_sums.BRAIN_GTEX-T6MN-0011-R10A-SM-32QP7.1.ALL.bw
BRNCTXB	GTEX-TSE9-0011-R10A-SM-3DB7O	../../data/gtex/bigwig/BRNCTXB/gtex.base_sums.BRAIN_GTEX-TSE9-0011-R10A-SM-3DB7O.1.ALL.bw
BRNCTXB	GTEX-UTHO-0011-R10A-SM-3GIJQ	../../data/gtex/bigwig/BRNCTXB/gtex.base_sums.BRAIN_GTEX-UTHO-0011-R10A-SM-3GIJQ.1.ALL.bw
BRNCTXB	GTEX-WHSE-0011-R10A-SM-EYYVG	../../data/gtex/bigwig/BRNCTXB/gtex.base_sums.BRAIN_GTEX-WHSE-0011-R10A-SM-EYYVG.1.ALL.bw
BRNCTXB	GTEX-WL46-0011-R10A-SM-3MJFQ	../../data/gtex/bigwig/BRNCTXB/gtex.base_sums.BRAIN_GTEX-WL46-0011-R10A-SM-3MJFQ.1.ALL.bw
BRNCTXB	GTEX-WVLH-0011-R10A-SM-3MJFM	../../data/gtex/bigwig/BRNCTXB/gtex.base_sums.BRAIN_GTEX-WVLH-0011-R10A-SM-3MJFM.1.ALL.bw
BRNCTXB	GTEX-WWYW-0011-R10A-SM-3NB35	../../data/gtex/bigwig/BRNCTXB/gtex.base_sums.BRAIN_GTEX-WWYW-0011-R10A-SM-3NB35.1.ALL.bw
BRNCTXB	GTEX-WZTO-0011-R10B-SM-4E3KB	../../data/gtex/bigwig/BRNCTXB/gtex.base_sums.BRAIN_GTEX-WZTO-0011-R10B-SM-4E3KB.1.ALL.bw
BRNCTXB	GTEX-X261-0011-R10B-SM-4E3JT	../../data/gtex/bigwig/BRNCTXB/gtex.base_sums.BRAIN_GTEX-X261-0011-R10B-SM-4E3JT.1.ALL.bw
BRNCTXB	GTEX-X4EP-0011-R10B-SM-4QASJ	../../data/gtex/bigwig/BRNCTXB/gtex.base_sums.BRAIN_GTEX-X4EP-0011-R10B-SM-4QASJ.1.ALL.bw
BRNCTXB	GTEX-X4XX-0011-R10B-SM-46MWO	../../data/gtex/bigwig/BRNCTXB/gtex.base_sums.BRAIN_GTEX-X4XX-0011-R10B-SM-46MWO.1.ALL.bw
BRNCTXB	GTEX-X4XY-0011-R10B-SM-46MWS	../../data/gtex/bigwig/BRNCTXB/gtex.base_sums.BRAIN_GTEX-X4XY-0011-R10B-SM-46MWS.1.ALL.bw
BRNCTXB	GTEX-X585-0011-R10A-SM-46MUY	../../data/gtex/bigwig/BRNCTXB/gtex.base_sums.BRAIN_GTEX-X585-0011-R10A-SM-46MUY.1.ALL.bw
BRNCTXB	GTEX-XLM4-0011-R10A-SM-4AT5P	../../data/gtex/bigwig/BRNCTXB/gtex.base_sums.BRAIN_GTEX-XLM4-0011-R10A-SM-4AT5P.1.ALL.bw
BRNCTXB	GTEX-XMD1-0011-R10A-SM-4AT4A	../../data/gtex/bigwig/BRNCTXB/gtex.base_sums.BRAIN_GTEX-XMD1-0011-R10A-SM-4AT4A.1.ALL.bw
BRNCTXB	GTEX-Y8DK-0011-R10A-SM-4SOK1	../../data/gtex/bigwig/BRNCTXB/gtex.base_sums.BRAIN_GTEX-Y8DK-0011-R10A-SM-4SOK1.1.ALL.bw
BRNCTXB	GTEX-YFC4-0011-R10a-SM-4SOK5	../../data/gtex/bigwig/BRNCTXB/gtex.base_sums.BRAIN_GTEX-YFC4-0011-R10a-SM-4SOK5.1.ALL.bw
BRNCTXB	GTEX-YJ89-0011-R10a-SM-4SOK9	../../data/gtex/bigwig/BRNCTXB/gtex.base_sums.BRAIN_GTEX-YJ89-0011-R10a-SM-4SOK9.1.ALL.bw
BRNCTXB	GTEX-Z93S-0011-R10a-SM-4RGNM	../../data/gtex/bigwig/BRNCTXB/gtex.base_sums.BRAIN_GTEX-Z93S-0011-R10a-SM-4RGNM.1.ALL.bw
BRNCTXB	GTEX-ZAB4-0011-R10a-SM-4SOKH	../../data/gtex/bigwig/BRNCTXB/gtex.base_sums.BRAIN_GTEX-ZAB4-0011-R10a-SM-4SOKH.1.ALL.bw
BRNCTXB	GTEX-ZDXO-0011-R10a-SM-4WWD8	../../data/gtex/bigwig/BRNCTXB/gtex.base_sums.BRAIN_GTEX-ZDXO-0011-R10a-SM-4WWD8.1.ALL.bw
BRNCTXB	GTEX-ZE7O-0011-R10a-SM-57WAZ	../../data/gtex/bigwig/BRNCTXB/gtex.base_sums.BRAIN_GTEX-ZE7O-0011-R10a-SM-57WAZ.1.ALL.bw
BRNCTXB	GTEX-ZF28-0011-R10a-SM-4WWEH	../../data/gtex/bigwig/BRNCTXB/gtex.base_sums.BRAIN_GTEX-ZF28-0011-R10a-SM-4WWEH.1.ALL.bw
BRNCTXB	GTEX-ZUA1-0011-R10a-SM-51MT6	../../data/gtex/bigwig/BRNCTXB/gtex.base_sums.BRAIN_GTEX-ZUA1-0011-R10a-SM-51MT6.1.ALL.bw
BRNCTXB	GTEX-ZV68-0011-R10a-SM-51MT7	../../data/gtex/bigwig/BRNCTXB/gtex.base_sums.BRAIN_GTEX-ZV68-0011-R10a-SM-51MT7.1.ALL.bw
BRNCTXB	GTEX-ZVT3-0011-R10b-SM-57WB6	../../data/gtex/bigwig/BRNCTXB/gtex.base_sums.BRAIN_GTEX-ZVT3-0011-R10b-SM-57WB6.1.ALL.bw
BRNCTXB	GTEX-ZVZQ-0011-R10b-SM-51MRT	../../data/gtex/bigwig/BRNCTXB/gtex.base_sums.BRAIN_GTEX-ZVZQ-0011-R10b-SM-51MRT.1.ALL.bw
BRNCTXB	GTEX-ZXG5-0011-R10a-SM-57WDD	../../data/gtex/bigwig/BRNCTXB/gtex.base_sums.BRAIN_GTEX-ZXG5-0011-R10a-SM-57WDD.1.ALL.bw
