tissue	trait	category	phenotype_id	gene_id	PC	HSQ	TWAS.Z	TWAS.P	modality	explicit_pheno	r	gene_name	gene_biotype	chrom	start	end	strand
SPLEEN	Astle_et_al_2016_Lymphocyte_counts	Blood	ENSG00000104432__PC1	ENSG00000104432	PC1	NA	NA	NA	NA	NA	NA	chr2	protein_coding	218269651	218346793	+
SPLEEN	Astle_et_al_2016_Lymphocyte_counts	Blood	ENSG00000104432__PC2	ENSG00000104432	PC2	NA	NA	NA	NA	NA	NA	chr2	protein_coding	218269651	218346793	+
SPLEEN	Astle_et_al_2016_Lymphocyte_counts	Blood	ENSG00000104432__PC3	ENSG00000104432	PC3	NA	NA	NA	NA	NA	NA	chr2	protein_coding	218269651	218346793	+
SPLEEN	Astle_et_al_2016_Lymphocyte_counts	Blood	ENSG00000104432__PC4	ENSG00000104432	PC4	NA	NA	NA	NA	NA	NA	chr2	protein_coding	218269651	218346793	+
SPLEEN	Astle_et_al_2016_Lymphocyte_counts	Blood	ENSG00000104432__PC5	ENSG00000104432	PC5	NA	NA	NA	NA	NA	NA	chr2	protein_coding	218269651	218346793	+
SPLEEN	Astle_et_al_2016_Lymphocyte_counts	Blood	ENSG00000104432__PC16	ENSG00000104432	PC16	NA	NA	NA	NA	NA	NA	chr2	protein_coding	218269651	218346793	+
THYROID	UKB_1200_Sleeplessness_or_insomnia	NA	ENSG00000184492__PC1	ENSG00000184492	PC1	NA	NA	NA	NA	NA	NA	NA	NA	NA	NA	NA
BRNCHA	UKB_20002_1261_self_reported_multiple_sclerosis	NA	ENSG00000204390__PC1	ENSG00000204390	PC1	NA	NA	NA	NA	NA	NA	NA	NA	NA	NA	NA
HRTAA	UKB_20002_1065_self_reported_hypertension	NA	ENSG00000171303__PC1	ENSG00000171303	PC1	NA	NA	NA	NA	NA	NA	NA	NA	NA	NA	NA
LUNG	UKB_20002_1111_self_reported_asthma	NA	ENSG00000204444__PC2	ENSG00000204444	PC2	NA	NA	NA	NA	NA	NA	NA	NA	NA	NA	NA
HRTAA	MAGNETIC_LDL.C	NA	ENSG00000031698__PC3	ENSG00000031698	PC3	NA	NA	NA	NA	NA	NA	NA	NA	NA	NA	NA
WHLBLD	Astle_et_al_2016_Red_blood_cell_count	NA	ENSG00000105968__PC3	ENSG00000105968	PC3	NA	NA	NA	NA	NA	NA	NA	NA	NA	NA	NA
THYROID	MAGIC_FastingGlucose	NA	ENSG00000106633__PC1	ENSG00000106633	PC1	NA	NA	NA	NA	NA	NA	NA	NA	NA	NA	NA
WHLBLD	Astle_et_al_2016_Monocyte_count	NA	ENSG00000136240__PC6	ENSG00000136240	PC6	NA	NA	NA	NA	NA	NA	NA	NA	NA	NA	NA
ADPSBQ	Astle_et_al_2016_Sum_eosinophil_basophil_counts	NA	ENSG00000179583__PC5	ENSG00000179583	PC5	NA	NA	NA	NA	NA	NA	NA	NA	NA	NA	NA
NERVET	UKB_50_Standing_height	NA	ENSG00000223547__PC2	ENSG00000223547	PC2	NA	NA	NA	NA	NA	NA	NA	NA	NA	NA	NA
